Jahr,LCOE
2010,0.36491
2011,0.30849000000000004
2012,0.248612
2013,0.19656
2014,0.144872
2015,0.115388
2016,0.10110100000000001
2017,0.092183
2018,0.08827
2019,0.0728
2020,0.062425999999999995
2021,0.057148
2022,0.07289100000000001
