Jahr,LCOE
2022,0.072891
2023,0.07094378217524724
2024,0.06904858253184794
2025,0.06720401145064551
2026,0.06540871643491539
2027,0.06366138111867242
2028,0.06196072430147061
2029,0.0603054990089871
2030,0.05869449157870203
2031,0.05712652077000344
2032,0.05560043689806508
2033,0.05411512099086181
2034,0.05266948396870464
2035,0.051262465845693696
2036,0.04989303495250367
2037,0.048560187179931914
2038,0.047262945242654425
2039,0.046000357962649896
2040,0.044771499571766536